{
    "totalPages": 1,
    "totalElements": 1,
    "accounts": [
        {
            "accountNumber": "14409",
            "address": {
                "street1": "3406 MORSE CROSSING",
                "city": "COLUMBUS",
                "stateCode": "OH",
                "zipCode": "43219"
            },
            "name": "ADVANTAGE TEST CORP TWO",
            "status": "1",
            "claimFormViewStatus": "Y",
            "legacy2020Access": "Block",
            "taxId": "000005557",
            "npi": "9999999995",
            "phone": "6144787045",
            "users": [
                {
                    "accountUserEmail": "danisw@vsp.com",
                    "accountUserFirstName": "dan",
                    "accountUserLastName": "swartz",
                    "accountUserStatus": "1"
                },
                {
                    "accountUserEmail": "alex.moore@vsp.com",
                    "accountUserFirstName": "Alex",
                    "accountUserLastName": "Moore",
                    "accountUserStatus": "1"
                }
            ],
            "activitiesLink": {
                "href": "https://api-dev.apps.ocp.nxb.uw2.aws.vsp.com:443/retail-admin-account/accountactivities/14409?pageSize=25&pageNumber=0",
                "type": "application/vnd.vsp.retailaccountactivities",
                "rel": "urn://vnd.vsp.rels/activitieslink",
                "contextRootPlus": "retail-admin-account/accountactivities"
            }
        }
    ]
}