{
    "totalPages": 1,
    "totalElements": 6,
    "accounts": [
        {
            "accountNumber": "13577",
            "address": {
                "street1": "3406 MORSE CROSSING",
                "city": "COLUMBUS",
                "stateCode": "OH",
                "zipCode": "43219"
            },
            "name": "ADVANTAGE TEST CORP TWO",
            "status": "1",
            "claimFormViewStatus": "Y",
            "legacy2020Access": "Block",
            "taxId": "000005557",
            "npi": "9999999995",
            "phone": "6144787045",
            "users": [
                {
                    "accountUserEmail": "kay@vsp.com",
                    "accountUserFirstName": "WALM Full Svc",
                    "accountUserLastName": "at WalMart",
                    "accountUserStatus": "1"
                }
            ],
            "activitiesLink": {
                "href": "https://api-dev.apps.ocp.nxb.uw2.aws.vsp.com:443/retail-admin-account/accountactivities/13577?pageSize=25&pageNumber=0",
                "type": "application/vnd.vsp.retailaccountactivities",
                "rel": "urn://vnd.vsp.rels/activitieslink",
                "contextRootPlus": "retail-admin-account/accountactivities"
            }
        },
        {
            "accountNumber": "14399",
            "address": {
                "street1": "3406 MORSE CROSSING",
                "city": "COLUMBUS",
                "stateCode": "OH",
                "zipCode": "43219"
            },
            "name": "ADVANTAGE TEST CORP TWO",
            "status": "1",
            "claimFormViewStatus": "N",
            "legacy2020Access": "Block",
            "taxId": "000005557",
            "npi": "9999999995",
            "phone": "6144787045",
            "users": [
                {
                    "accountUserEmail": "samaar@vsp.com",
                    "accountUserFirstName": "Samantha",
                    "accountUserLastName": "Arciga",
                    "accountUserStatus": "1"
                }
            ],
            "activitiesLink": {
                "href": "https://api-dev.apps.ocp.nxb.uw2.aws.vsp.com:443/retail-admin-account/accountactivities/14399?pageSize=25&pageNumber=0",
                "type": "application/vnd.vsp.retailaccountactivities",
                "rel": "urn://vnd.vsp.rels/activitieslink",
                "contextRootPlus": "retail-admin-account/accountactivities"
            }
        },
        {
            "accountNumber": "14409",
            "address": {
                "street1": "3406 MORSE CROSSING",
                "city": "COLUMBUS",
                "stateCode": "OH",
                "zipCode": "43219"
            },
            "name": "ADVANTAGE TEST CORP TWO",
            "status": "1",
            "claimFormViewStatus": "Y",
            "legacy2020Access": "Allow",
            "taxId": "000005557",
            "npi": "9999999995",
            "phone": "6144787045",
            "users": [
                {
                    "accountUserEmail": "danisw@vsp.com",
                    "accountUserFirstName": "dan",
                    "accountUserLastName": "swartz",
                    "accountUserStatus": "1"
                },
                {
                    "accountUserEmail": "alex.moore@vsp.com",
                    "accountUserFirstName": "Alex",
                    "accountUserLastName": "Moore",
                    "accountUserStatus": "1"
                }
            ],
            "activitiesLink": {
                "href": "https://api-dev.apps.ocp.nxb.uw2.aws.vsp.com:443/retail-admin-account/accountactivities/14409?pageSize=25&pageNumber=0",
                "type": "application/vnd.vsp.retailaccountactivities",
                "rel": "urn://vnd.vsp.rels/activitieslink",
                "contextRootPlus": "retail-admin-account/accountactivities"
            }
        },
        {
            "accountNumber": "14521",
            "address": {
                "street1": "3406 MORSE CROSSING",
                "city": "COLUMBUS",
                "stateCode": "OH",
                "zipCode": "43219"
            },
            "name": "ADVANTAGE TEST CORP TWO",
            "status": "1",
            "claimFormViewStatus": "Y",
            "legacy2020Access": "Block",
            "taxId": "000005557",
            "npi": "9999999995",
            "phone": "6144787045",
            "users": [
                {
                    "accountUserEmail": "juan.lozano@vsp.com",
                    "accountUserFirstName": "TestAdmin",
                    "accountUserLastName": "ToolCreateWorks",
                    "accountUserStatus": "1"
                },
                {
                    "accountUserEmail": "joey.mckenzie@vsp.com",
                    "accountUserFirstName": "TestAdminTwo",
                    "accountUserLastName": "ToolCreateWorksTwo",
                    "accountUserStatus": "1"
                }
            ],
            "activitiesLink": {
                "href": "https://api-dev.apps.ocp.nxb.uw2.aws.vsp.com:443/retail-admin-account/accountactivities/14521?pageSize=25&pageNumber=0",
                "type": "application/vnd.vsp.retailaccountactivities",
                "rel": "urn://vnd.vsp.rels/activitieslink",
                "contextRootPlus": "retail-admin-account/accountactivities"
            }
        },
        {
            "accountNumber": "14566",
            "address": {
                "street1": "3406 MORSE CROSSING",
                "city": "COLUMBUS",
                "stateCode": "OH",
                "zipCode": "43219"
            },
            "name": "ADVANTAGE TEST CORP TWO",
            "status": "3",
            "claimFormViewStatus": "Y",
            "legacy2020Access": "Block",
            "taxId": "000005557",
            "npi": "9999999995",
            "phone": "6144787045",
            "users": [
                {
                    "accountUserEmail": "juan.lozano@vsp.com",
                    "accountUserFirstName": "TestActiveDate",
                    "accountUserLastName": "WorksCorrectly",
                    "accountUserStatus": "3"
                }
            ],
            "activitiesLink": {
                "href": "https://api-dev.apps.ocp.nxb.uw2.aws.vsp.com:443/retail-admin-account/accountactivities/14566?pageSize=25&pageNumber=0",
                "type": "application/vnd.vsp.retailaccountactivities",
                "rel": "urn://vnd.vsp.rels/activitieslink",
                "contextRootPlus": "retail-admin-account/accountactivities"
            }
        },
        {
            "accountNumber": "14569",
            "address": {
                "street1": "3406 MORSE CROSSING",
                "city": "COLUMBUS",
                "stateCode": "OH",
                "zipCode": "43219"
            },
            "name": "ADVANTAGE TEST CORP TWO",
            "status": "3",
            "claimFormViewStatus": "Y",
            "legacy2020Access": "Block",
            "taxId": "000005557",
            "npi": "9999999995",
            "phone": "6144787045",
            "users": [
                {
                    "accountUserEmail": "juan.lozano@vsp.com",
                    "accountUserFirstName": "TestAdminReleaseFirs",
                    "accountUserLastName": "TestAdminReleaseLast",
                    "accountUserStatus": "3"
                }
            ],
            "activitiesLink": {
                "href": "https://api-dev.apps.ocp.nxb.uw2.aws.vsp.com:443/retail-admin-account/accountactivities/14569?pageSize=25&pageNumber=0",
                "type": "application/vnd.vsp.retailaccountactivities",
                "rel": "urn://vnd.vsp.rels/activitieslink",
                "contextRootPlus": "retail-admin-account/accountactivities"
            }
        }
    ]
}